"Full Name","Username","Email","State/Province","City"
"John Thompson","john.thompson@bubble1234253536455.xcom","john.thompson@bubble1234253536455.xcom","California","Sacramento"
"James Allen","james.allen@bubble1234253536455.xcom","james.allen@bubble1234253536455.xcom","California","San Francisco"
"Robert Hall","robert.hall@bubble1234253536455.xcom","robert.hall@bubble1234253536455.xcom","California","Sacramento"
"Michael Walker","michael.walker@bubble1234253536455.xcom","michael.walker@bubble1234253536455.xcom","California","San Francisco"
"William Lee","william.lee@bubble1234253536455.xcom","william.lee@bubble1234253536455.xcom","California","San Francisco"
"David Lewis","david.lewis@bubble1234253536455.xcom","david.lewis@bubble1234253536455.xcom","California","Palo Alto"
"Richard Clark","richard.clark@bubble1234253536455.xcom","richard.clark@bubble1234253536455.xcom","California","Palo Alto"
"Joseph Martin","joseph.martin@bubble1234253536455.xcom","joseph.martin@bubble1234253536455.xcom","California","San Jose"
"Thomas Anderson","thomas.anderson@bubble1234253536455.xcom","thomas.anderson@bubble1234253536455.xcom","California","San Francisco"
"Charles Taylor","charles.taylor@bubble1234253536455.xcom","charles.taylor@bubble1234253536455.xcom","California","Palo Alto"
"Andrew Wilson","andrew.wilson@bubble1234253536455.xcom","andrew.wilson@bubble1234253536455.xcom","California","Palo Alto"
"Anthony Rodriguez","anthony.rodriguez@bubble1234253536455.xcom","anthony.rodriguez@bubble1234253536455.xcom","California","San Francisco"
"Brian Garcia","brian.garcia@bubble1234253536455.xcom","brian.garcia@bubble1234253536455.xcom","Texas","Austin"
"Christopher Davis","christopher.davis@bubble1234253536455.xcom","christopher.davis@bubble1234253536455.xcom","Texas","San Antonio"
"Daniel Miller","daniel.miller@bubble1234253536455.xcom","daniel.miller@bubble1234253536455.xcom","Texas","Austin"
"Donald Jones","donald.jones@bubble1234253536455.xcom","donald.jones@bubble1234253536455.xcom","Texas","San Antonio"
"Edward Brown","edward.brown@bubble1234253536455.xcom","edward.brown@bubble1234253536455.xcom","Texas","Arlington"
"George Williams","george.williams@bubble1234253536455.xcom","george.williams@bubble1234253536455.xcom","Texas","Austin"
"Henry Johnson","henry.johnson@bubble1234253536455.xcom","henry.johnson@bubble1234253536455.xcom","Texas","Dallas"
"Kevin Smith","kevin.smith@bubble1234253536455.xcom","kevin.smith@bubble1234253536455.xcom","Nebraska","Omaha"
